,documentid,recordtype_x,borough_x,block,lot,easement,partiallot,airrights,subterraneanrights,propertytype,streetnumber,streetname,unit,goodthroughdate_x,recordtype_y,crfn,borough_y,doctype,docdate,docamount,recorded/filed,modifieddate,reelyear,reelnbr,reelpage,%transferred,goodthroughdate_y
0,2015090300204001,L,4,528,50,N,E,N,N,SP,33-43,14TH   STREET,4A,09/30/2015,A,2.01500032724e+12,1,RPTT&RET,08/25/2015,418000,09/16/2015,09/16/2015,0,0,0,100,09/30/2015
1,2011012100554001,L,4,528,50,N,E,N,N,SP,3343,14TH ST,11C,07/31/2015,A,2.0110000453e+12,3,RPTT&RET,01/24/2011,300000,02/08/2011,02/08/2011,0,0,0,100,07/31/2015
2,2013112100798001,L,4,528,50,N,E,N,N,SP,33-55,14TH STREET,10C,07/31/2015,A,2.01300049608e+12,1,RPTT&RET,11/14/2013,325000,12/03/2013,12/03/2013,0,0,0,100,07/31/2015
3,2010090101085001,L,4,528,50,N,E,N,N,SP,33-60,21ST STREET,5D,07/31/2015,A,2.01000030733e+12,1,RPTT&RET,09/01/2010,332500,09/13/2010,09/13/2010,0,0,0,100,07/31/2015
4,FT_4320004196832,L,4,528,50,N,E,N,N,PA,,,,07/31/2015,A,,4,REL,,0,03/22/1994,03/22/1994,1994,3824,166,0,07/31/2015
5,2012072701175001,L,4,528,50,N,E,N,N,SP,33-68,21ST STREET,2B,07/31/2015,A,2.01200031083e+12,1,RPTT&RET,07/17/2012,315000,08/07/2012,08/07/2012,0,0,0,100,07/31/2015
6,2004060301191001,L,4,528,50,N,E,N,N,SP,33-47,14TH STREET,8A,07/31/2015,A,2.00400042037e+12,4,RETT,04/27/2004,0,07/07/2004,07/07/2004,0,0,0,0,07/31/2015
7,2010012600728001,L,4,528,50,N,E,N,N,SP,33-65,14TH ST,12D,07/31/2015,A,2.01000005561e+12,1,RPTT&RET,01/28/2010,325000,02/18/2010,02/18/2010,0,0,0,100,07/31/2015
8,FT_4200002384220,L,4,528,50,N,E,N,N,PA,33-60,14 STREET,,07/31/2015,A,,4,AGMT,,0,10/16/1987,10/16/1987,1987,2474,633,0,07/31/2015
9,2013080100371001,L,4,528,50,N,E,N,N,SP,3343,14TH STREET,6D,07/31/2015,A,2.01300033908e+12,1,RPTT&RET,07/25/2013,298000,08/26/2013,08/26/2013,0,0,0,100,07/31/2015
10,2014101501609001,L,4,528,50,N,E,N,N,SP,3364,21ST STREET,3B,07/31/2015,A,2.01400038244e+12,1,RPTT&RET,10/25/2014,0,11/18/2014,11/18/2014,0,0,0,100,07/31/2015
11,2013022801477001,L,4,528,50,N,E,N,N,SP,33-68,21 STREET,10B,07/31/2015,A,2.01300010685e+12,1,RPTT&RET,02/28/2013,379202,03/18/2013,03/18/2013,0,0,0,100,07/31/2015
12,2005111500243001,L,4,528,50,N,E,N,N,SP,33-65,14 STREET,14A,07/31/2015,A,2.00500065563e+12,1,RPTT&RET,11/10/2005,270000,11/28/2005,11/28/2005,0,0,0,100,07/31/2015
13,2015030600469001,L,4,528,50,N,E,N,N,SP,33-68,21ST STREET,10C,07/31/2015,A,2.01500008841e+12,4,RPTT&RET,03/05/2015,418000,03/16/2015,03/16/2015,0,0,0,100,07/31/2015
14,2011110700905001,L,4,528,50,N,E,N,N,SP,3365,14TH ST,6A,07/31/2015,A,2.01100045024e+12,1,RPTT&RET,11/08/2011,290000,12/29/2011,12/29/2011,0,0,0,100,07/31/2015
15,2007120600707001,L,4,528,50,N,E,N,N,SP,33-55,14TH STREET,2A,07/31/2015,A,2.00700060666e+12,4,RPTT&RET,12/05/2007,314400,12/11/2007,12/11/2007,0,0,0,100,07/31/2015
16,2011051100342001,L,4,528,50,N,E,N,N,SP,33-55,14TH STREET,6D,07/31/2015,A,2.01100017811e+12,1,RPTT&RET,05/04/2011,245000,05/17/2011,05/17/2011,0,0,0,100,07/31/2015
17,2010070600945001,L,4,528,50,N,E,N,N,SP,33-60,21ST STREET,6D,07/31/2015,A,2.0100002276e+12,4,RPTT&RET,06/30/2010,335000,07/09/2010,07/09/2010,0,0,0,100,07/31/2015
18,2013010301805001,L,4,528,50,N,E,N,N,SP,33-60,21ST STREET,12D,07/31/2015,A,2.01300010569e+12,1,RPTT&RET,01/16/2013,375000,03/15/2013,03/15/2013,0,0,0,100,07/31/2015
19,2006011201300001,L,4,528,50,N,E,N,N,SP,33-43,14TH STREET,7C,07/31/2015,A,2.00600004321e+12,4,RPTT&RET,06/21/2004,165000,01/24/2006,01/24/2006,0,0,0,100,07/31/2015
20,2007061901447001,L,4,528,50,N,E,N,N,SP,33-43,14TH STREET,2A,07/31/2015,A,2.00700034331e+12,1,RPTT&RET,06/05/2007,285000,07/05/2007,07/05/2007,0,0,0,100,07/31/2015
21,2006051901682001,L,4,528,50,N,E,N,N,SP,33-64,21 STREET,2B,07/31/2015,A,2.00600029659e+12,1,RPTT&RET,05/19/2006,266000,05/26/2006,05/26/2006,0,0,0,100,07/31/2015
22,2008120301271001,L,4,528,50,N,E,N,N,SP,33-65,14TH STREET,11D,07/31/2015,A,2.00800046799e+12,4,RPTT&RET,12/02/2008,320000,12/08/2008,12/08/2008,0,0,0,100,07/31/2015
23,2014110300958001,L,4,528,50,N,E,N,N,SP,33-47,14TH STREET,2D,07/31/2015,A,2.01400038323e+12,1,RPTT&RET,09/09/2014,0,11/19/2014,11/19/2014,0,0,0,100,07/31/2015
24,2014022801011001,L,4,528,50,N,E,N,N,SP,33-64,21ST STREET,5C,07/31/2015,A,2.01400008288e+12,1,RPTT&RET,02/06/2014,298000,03/10/2014,03/10/2014,0,0,0,100,07/31/2015
25,2011040601050001,L,4,528,50,N,E,N,N,SP,33-68,21ST STREET,6C,07/31/2015,A,2.01100017128e+12,1,RPTT&RET,04/07/2011,318000,05/12/2011,05/12/2011,0,0,0,100,07/31/2015
26,2007122100640001,L,4,528,50,N,E,N,N,SP,33-65,14TH   STREET,2C,07/31/2015,A,2.0080000434e+12,1,RPTT&RET,12/28/2007,278000,01/31/2008,01/31/2008,0,0,0,100,07/31/2015
27,2008021500280001,L,4,528,50,N,E,N,N,SP,33-47,14TH   STREET,10A,07/31/2015,A,2.00800007287e+12,4,RPTT&RET,02/14/2008,370000,02/21/2008,02/21/2008,0,0,0,100,07/31/2015
28,2009091800092001,L,4,528,50,N,E,N,N,SP,33-60,21ST STREET,9B,07/31/2015,A,2.00900030961e+12,4,RPTT&RET,09/02/2009,325000,09/24/2009,09/24/2009,0,0,0,100,07/31/2015
29,2014030601350001,L,4,528,50,N,P,N,N,SP,33-43,14 STREET,8B,07/31/2015,A,2.01400008994e+12,4,RPTT&RET,03/07/2014,300000,03/14/2014,03/14/2014,0,0,0,100,07/31/2015
30,2013011600680001,L,4,528,50,N,E,N,N,SP,33-65,14TH STREET,10C,07/31/2015,A,2.01300005007e+12,1,RPTT&RET,01/17/2013,261000,02/05/2013,02/05/2013,0,0,0,100,07/31/2015
31,2008080501247001,L,4,528,50,N,E,N,N,SC,33-43,14TH   STREET,8B,07/31/2015,A,2.00800031316e+12,1,RPTT&RET,04/25/2008,290000,08/06/2008,08/06/2008,0,0,0,100,07/31/2015
32,2005102801447001,L,4,528,50,N,E,N,N,SP,33-60,21ST STREET,14C,07/31/2015,A,2.00500061876e+12,4,RPTT&RET,10/21/2005,270000,11/04/2005,11/04/2005,0,0,0,100,07/31/2015
33,2005051600575001,L,4,528,50,N,E,N,N,SP,33-47,14 STREET,8D,07/31/2015,A,2.00500030765e+12,4,RPTT&RET,05/16/2005,217500,05/26/2005,05/26/2005,0,0,0,100,07/31/2015
34,2012041900096001,L,4,528,50,N,E,N,N,SP,33-64,21ST STREET,12A,07/31/2015,A,2.0120001759e+12,1,RPTT&RET,04/24/2012,265000,05/03/2012,05/03/2012,0,0,0,100,07/31/2015
35,2005021100191001,L,4,528,50,N,P,N,N,SP,33-47,14TH STREET,3A,07/31/2015,A,2.00500013381e+12,4,RPTT&RET,02/10/2005,243000,03/07/2005,03/07/2005,0,0,0,100,07/31/2015
36,2004022300182002,L,4,528,50,N,E,N,N,SP,33-68,21 STREET,4C,07/31/2015,A,2.00400024456e+12,4,RPTT&RET,02/17/2004,0,04/21/2004,04/21/2004,0,0,0,0,07/31/2015
37,2004101901070001,L,4,528,50,N,E,N,N,SP,33-47,14TH STREET,6C,07/31/2015,A,2.00400068962e+12,4,RPTT&RET,10/08/2004,243000,11/08/2004,11/08/2004,0,0,0,100,07/31/2015
38,2012012300940001,L,4,528,50,N,E,N,N,SP,33-65,14TH STREET,2D,07/31/2015,A,2.01200008503e+12,4,RPTT&RET,10/04/2010,260000,03/05/2012,03/05/2012,0,0,0,100,07/31/2015
39,2004060301145001,L,4,528,50,N,E,N,N,SP,33-47,14TH STREET,8A,07/31/2015,A,2.00400042043e+12,4,RPTT,04/27/2004,0,07/07/2004,07/07/2004,0,0,0,0,07/31/2015
40,2006081500003001,L,4,528,50,N,E,N,N,SP,33-68,21ST STREET,8B,07/31/2015,A,2.00600050577e+12,1,RPTT&RET,08/23/2006,350000,09/07/2006,09/07/2006,0,0,0,100,07/31/2015
41,2014032500337002,L,4,528,50,N,E,N,N,AP,33-43,14TH   STREET,,07/31/2015,A,2.01400011583e+12,1,TL&R,03/19/2014,0,04/04/2014,04/04/2014,0,0,0,0,07/31/2015
42,2005061002076001,L,4,528,50,N,E,N,N,SP,33-43,14TH STREET,10A,07/31/2015,A,2.00500035607e+12,4,RPTT&RET,06/07/2005,210000,06/21/2005,06/21/2005,0,0,0,100,07/31/2015
43,2009121700217001,L,4,528,50,N,E,N,N,SP,33-65,14TH STREET,10A,07/31/2015,A,2.00900042071e+12,4,RPTT&RET,12/16/2009,265000,12/23/2009,12/23/2009,0,0,0,100,07/31/2015
44,2009061600359001,L,4,528,50,N,E,N,N,SP,33-55,14TH STREET,3C,07/31/2015,A,2.00900018719e+12,4,RPTT&RET,06/15/2009,260000,06/19/2009,06/19/2009,0,0,0,100,07/31/2015
45,2014081101228001,L,4,528,50,N,E,N,N,SP,33-65,14TH STREET,2D,07/31/2015,A,2.01400027994e+12,2,RPTT&RET,08/12/2014,335000,08/21/2014,08/21/2014,0,0,0,100,07/31/2015
46,2013060701399001,L,4,528,50,N,E,N,N,SP,33-55,14TH STREET,15C,07/31/2015,A,2.01300024357e+12,2,RPTT&RET,06/12/2013,320000,06/20/2013,06/20/2013,0,0,0,100,07/31/2015
47,2008062400760001,L,4,528,50,N,E,N,N,SP,33-64,21ST STREET,5A,07/31/2015,A,2.00800027508e+12,1,RPTT&RET,06/23/2008,25000,07/11/2008,07/11/2008,0,0,0,100,07/31/2015
48,2004022300182001,L,4,528,50,N,E,N,N,SP,33-68,21 STREET,4C,07/31/2015,A,2.00400024455e+12,4,PAT,11/06/2003,0,04/21/2004,04/21/2004,0,0,0,0,07/31/2015
49,2012101101411001,L,4,528,50,N,E,N,N,SP,33-43,14TH STREET,8A,07/31/2015,A,2.01200042603e+12,1,RPTT&RET,10/12/2012,265000,10/26/2012,10/26/2012,0,0,0,100,07/31/2015
50,2010072101080001,L,4,528,50,N,E,N,N,SP,33-65,14TH STREET,11D,07/31/2015,A,2.01000025749e+12,1,RPTT&RET,07/26/2010,325000,08/02/2010,08/02/2010,0,0,0,100,07/31/2015
51,FT_4660002623966,L,4,528,50,N,E,N,N,PA,33-60,14 STREET,,07/31/2015,A,,4,SAT,,0,12/20/1989,12/20/1989,1989,2924,430,0,07/31/2015
52,2013021500434001,L,4,528,50,N,E,N,N,SP,33-47,14 STREET,3C,07/31/2015,A,2.01300007743e+12,4,RPTT&RET,02/06/2013,348000,02/25/2013,02/25/2013,0,0,0,100,07/31/2015
53,2010021900182001,L,4,528,50,N,E,N,N,SP,33-43,14TH STREET,4D,07/31/2015,A,2.01000006439e+12,4,RPTT&RET,02/28/2008,325000,02/24/2010,02/24/2010,0,0,0,100,07/31/2015
54,2014093002270001,L,4,528,50,N,E,N,N,SP,33-68,21 STREET,10A,07/31/2015,A,2.01400033937e+12,1,RPTT&RET,09/25/2014,452000,10/10/2014,10/10/2014,0,0,0,100,07/31/2015
55,2009031700963001,L,4,528,50,N,E,N,N,SP,33-64,21ST STREET,2A,07/31/2015,A,2.00900008338e+12,4,RPTT&RET,03/11/2009,191000,03/23/2009,03/23/2009,0,0,0,100,07/31/2015
56,2008090301355001,L,4,528,50,N,E,N,N,SP,33-43,14TH   STREET,6D,07/31/2015,A,2.00800038983e+12,1,RETT,04/14/2006,240000,10/02/2008,10/02/2008,0,0,0,0,07/31/2015
57,2013032801109001,L,4,528,50,N,E,N,N,SP,33-65,14 STREET,4A,07/31/2015,A,2.01300016569e+12,1,RPTT&RET,04/01/2013,190000,04/25/2013,04/25/2013,0,0,0,100,07/31/2015
58,2007053001311001,L,4,528,50,N,E,N,N,SP,33-43,14 STREET,15D,07/31/2015,A,2.00700029498e+12,4,RPTT&RET,05/29/2007,297000,06/07/2007,06/07/2007,0,0,0,100,07/31/2015
59,2015050401222001,L,4,528,50,N,E,N,N,SP,33-68,21ST STREET,4D,07/31/2015,A,2.01500016156e+12,1,RPTT&RET,04/28/2015,425000,05/14/2015,05/14/2015,0,0,0,100,07/31/2015
60,FT_4440002601544,L,4,528,50,N,E,N,N,PA,33-60,14 STREET,,07/31/2015,A,,4,MTGE,,1000000,10/04/1989,10/04/1989,1989,2882,1472,0,07/31/2015
61,2012101400003001,L,4,528,50,N,E,N,N,SP,33-43,14TH STREET,5A,07/31/2015,A,2.01200045781e+12,1,RPTT&RET,11/08/2012,304000,11/21/2012,11/21/2012,0,0,0,100,07/31/2015
62,2009110200948001,L,4,528,50,N,E,N,N,SP,33-68,21ST STREET,15A,07/31/2015,A,2.0090003642e+12,4,RPTT&RET,10/27/2009,353000,11/06/2009,11/06/2009,0,0,0,100,07/31/2015
63,2007101000639001,L,4,528,50,N,E,N,N,SP,33-47,14TH STREET,4D,07/31/2015,A,2.00700052949e+12,1,RPTT&RET,10/03/2007,348000,10/18/2007,10/18/2007,0,0,0,100,07/31/2015
64,2010062501141001,L,4,528,50,N,E,N,N,SP,33-55,14TH ST,14D,07/31/2015,A,2.0100002301e+12,1,RPTT&RET,06/28/2010,330000,07/12/2010,07/12/2010,0,0,0,100,07/31/2015
65,2005100701065001,L,4,528,50,N,E,N,N,SP,33-60,21 STREET,5B,07/31/2015,A,2.00500059654e+12,1,RPTT,09/23/2005,255000,10/25/2005,10/25/2005,0,0,0,100,07/31/2015
66,2007061501751001,L,4,528,50,N,E,N,N,SP,33-65,14TH STREET,10B,07/31/2015,A,2.00700032236e+12,1,RPTT&RET,06/15/2007,280000,06/22/2007,06/22/2007,0,0,0,100,07/31/2015
67,2014111201249001,L,4,528,50,N,E,N,N,SP,33-55,14TH STREET,2A,07/31/2015,A,2.01400039021e+12,1,RPTT&RET,10/21/2014,362000,11/24/2014,11/24/2014,0,0,0,100,07/31/2015
68,2014091100787001,L,4,528,50,N,E,N,N,SP,33-65,14TH STREET,3B,07/31/2015,A,2.01400033574e+12,1,RPTT&RET,09/10/2014,335000,10/08/2014,10/08/2014,0,0,0,100,07/31/2015
69,2005100501025001,L,4,528,50,N,E,N,N,SP,33-68,21 STREET,8A,07/31/2015,A,2.00500057775e+12,1,RPTT&RET,09/22/2005,185200,10/17/2005,10/17/2005,0,0,0,100,07/31/2015
70,2005080301895001,L,4,528,50,N,E,N,N,SP,33-65,14TH STREET,9D,07/31/2015,A,2.00500047864e+12,1,RPTT&RET,08/03/2005,225000,08/25/2005,08/25/2005,0,0,0,100,07/31/2015
71,2013071501579001,L,4,528,50,N,E,N,N,SP,33-65,14TH STREET,3C,07/31/2015,A,2.01300029013e+12,2,RPTT&RET,07/16/2013,285000,07/23/2013,07/23/2013,0,0,0,100,07/31/2015
72,FT_4530004196853,L,4,528,50,N,E,N,N,PA,,,,07/31/2015,A,,4,ASST,,0,03/22/1994,03/22/1994,1994,3824,211,0,07/31/2015
73,2007083100664001,L,4,528,50,N,E,N,N,SP,33-43,14TH STREET,5C,07/31/2015,A,2.00700050859e+12,2,RPTT&RET,08/29/2007,295000,10/05/2007,10/05/2007,0,0,0,100,07/31/2015
74,2004111502215001,L,4,528,50,N,E,N,N,SP,3368,21ST STREET,9A,07/31/2015,A,2.00400079842e+12,1,RPTT,11/30/2004,180000,12/30/2004,12/30/2004,0,0,0,100,07/31/2015
75,2011062400897001,L,4,528,50,N,E,N,N,SP,33-47,14TH   STREET,9A,07/31/2015,A,2.01100024028e+12,4,RPTT&RET,06/23/2011,251625,07/08/2011,07/08/2011,0,0,0,100,07/31/2015
76,2014112400648001,L,4,528,50,N,E,N,N,SP,33-64,21ST STREET,9C,07/31/2015,A,2.01400040358e+12,1,RPTT&RET,11/24/2014,392000,12/08/2014,12/08/2014,0,0,0,100,07/31/2015
77,2014012200183001,L,4,528,50,N,E,N,N,SP,33-47,14TH STREET,7A,07/31/2015,A,2.01400005173e+12,1,RPTT&RET,01/22/2014,394000,02/10/2014,02/10/2014,0,0,0,100,07/31/2015
78,2004080300906001,L,4,528,50,N,E,N,N,SP,33-43,14TH STREET,15A,07/31/2015,A,2.00400051045e+12,1,RPTT,07/08/2004,180000,08/17/2004,08/17/2004,0,0,0,100,07/31/2015
79,FT_4360004196836,L,4,528,50,N,E,N,N,PA,,,,07/31/2015,A,,4,MTGE,,850000,03/22/1994,03/22/1994,1994,3824,170,0,07/31/2015
80,FT_4030005607603,L,4,528,50,N,E,N,N,PA,,,,07/31/2015,A,,4,SMIS,,0,05/13/1997,05/13/1997,1997,4587,2247,0,07/31/2015
81,2011092900177001,L,4,528,50,N,E,N,N,SP,3360,21ST STREET,14D,07/31/2015,A,2.01100035268e+12,1,RPTT&RET,09/22/2011,399000,10/05/2011,10/05/2011,0,0,0,100,07/31/2015
82,2010051400456001,L,4,528,50,N,E,N,N,SP,33-64,21ST STREET,6B,07/31/2015,A,2.01000017891e+12,4,RPTT&RET,05/18/2010,252500,05/27/2010,05/27/2010,0,0,0,100,07/31/2015
83,2015022700329001,L,4,528,50,N,E,N,N,SP,33-65,14TH STREET,9A,07/31/2015,A,2.01500007893e+12,1,RPTT&RET,02/23/2015,400000,03/09/2015,03/09/2015,0,0,0,100,07/31/2015
84,2004092800386001,L,4,528,50,N,E,N,N,SP,33-65,14TH STREET,5A,07/31/2015,A,2.00400065883e+12,1,RPTT,09/14/2004,135000,10/25/2004,10/25/2004,0,0,0,100,07/31/2015
85,BK_6840066600010,L,4,528,50,N,E,N,N,PA,,,,07/31/2015,A,,4,CTOR,02/23/1968,0,02/23/1968,02/23/1968,1968,666,10,0,07/31/2015
86,2004120600049001,L,4,528,50,N,E,N,N,SP,33-55,14 STREET,7C,07/31/2015,A,2.00500018231e+12,4,RPTT&RET,11/30/2004,200500,03/29/2005,03/29/2005,0,0,0,100,07/31/2015
87,2010031601025001,L,4,528,50,N,E,N,N,SP,33-60,21ST STREET,11A,07/31/2015,A,2.01000009302e+12,3,RPTT,03/10/2010,335000,03/18/2010,03/18/2010,0,0,0,100,07/31/2015
88,2004082000656001,L,4,528,50,N,E,N,N,SP,33-60,21 STREET,3C,07/31/2015,A,2.00400059517e+12,1,RPTT,08/09/2004,195000,09/22/2004,09/22/2004,0,0,0,100,07/31/2015
89,2007050700019001,L,4,528,50,N,E,N,N,SP,33-43,14TH STREET,18C,07/31/2015,A,2.00700034679e+12,1,RPTT&RET,05/07/2007,290000,07/06/2007,07/06/2007,0,0,0,100,07/31/2015
90,2005092702096001,L,4,528,50,N,E,N,N,SP,33-60,21 STREET,14A,07/31/2015,A,2.00500054806e+12,3,RPTT&RET,03/18/2005,255000,09/30/2005,09/30/2005,0,0,0,100,07/31/2015
91,2013121700600001,L,4,528,50,N,E,N,N,SP,3368,21 STREET,3A,07/31/2015,A,2.01300052985e+12,1,RPTT&RET,11/27/2013,362000,12/27/2013,12/27/2013,0,0,0,100,07/31/2015
92,2010062700009001,L,4,528,50,N,E,N,N,SP,33-60,21ST STREET,6A,07/31/2015,A,2.01000023831e+12,1,RPTT&RET,06/28/2010,319000,07/16/2010,07/16/2010,0,0,0,100,07/31/2015
93,2009031600707001,L,4,528,50,N,E,N,N,SP,33-55,14TH   STREET,10C,07/31/2015,A,2.00900007847e+12,1,RPTT&RET,03/12/2009,320000,03/18/2009,03/18/2009,0,0,0,100,07/31/2015
94,2005090601727001,L,4,528,50,N,E,N,N,SP,33-55,14 STREET,3A,07/31/2015,A,2.00500053394e+12,4,RPTT,08/23/2005,180000,09/23/2005,09/23/2005,0,0,0,100,07/31/2015
95,2004120901548001,L,4,528,50,N,E,N,N,SP,33-64,21ST STREET,3C,07/31/2015,A,2.00400079446e+12,1,RPTT&RET,12/09/2004,165000,12/29/2004,12/29/2004,0,0,0,100,07/31/2015
96,2006061900103001,L,4,528,50,N,E,N,N,SP,33-47,14TH STREET,4B,07/31/2015,A,2.00600038693e+12,1,RPTT&RET,06/19/2006,280000,07/07/2006,07/07/2006,0,0,0,100,07/31/2015
97,2008050501152001,L,4,528,50,N,E,N,N,SP,33-65,14TH STREET,3C,07/31/2015,A,2.00800020044e+12,1,RPTT&RET,04/24/2008,279000,05/19/2008,05/19/2008,0,0,0,100,07/31/2015
98,2008092900121001,L,4,528,50,N,E,N,N,SP,33-65,14TH STREET,12B,07/31/2015,A,2.00800038589e+12,1,RPTT&RET,09/10/2008,315000,09/30/2008,09/30/2008,0,0,0,100,07/31/2015
99,2012071900250001,L,4,528,50,N,E,N,N,SP,33-64,21ST STREET,5C,07/31/2015,A,2.01200029886e+12,1,RPTT&RET,07/17/2012,0,07/30/2012,07/30/2012,0,0,0,100,07/31/2015
100,2009071601240001,L,4,528,50,N,E,N,N,SP,33-60,21 STREET,3-C,07/31/2015,A,2.00900023221e+12,1,RPTT&RET,07/23/2009,361500,07/28/2009,07/28/2009,0,0,0,100,07/31/2015
101,2009122200567001,L,4,528,50,N,E,N,N,SP,33-43,14 STREET,4-A,07/31/2015,A,2.01000002042e+12,4,RPTT&RET,12/30/2009,244000,01/20/2010,01/20/2010,0,0,0,100,07/31/2015
102,2006102600811001,L,4,528,50,N,E,N,N,SP,33-60,21ST STREET,10A,07/31/2015,A,2.00600060507e+12,2,RPTT&RET,10/25/2006,380000,10/30/2006,10/30/2006,0,0,0,100,07/31/2015
103,2012041701005001,L,4,528,50,N,E,N,N,SP,33-68,21 STREET,10D,07/31/2015,A,2.01200016983e+12,1,RPTT&RET,04/19/2012,320000,04/30/2012,04/30/2012,0,0,0,100,07/31/2015
104,2010062500623001,L,4,528,50,N,E,N,N,SP,33-60,21ST STREET,9A,07/31/2015,A,2.01000023928e+12,1,RPTT&RET,06/30/2010,339000,07/19/2010,07/19/2010,0,0,0,100,07/31/2015
105,2014040400651001,L,4,528,50,N,E,N,N,SP,33-68,21ST STREET,15B,07/31/2015,A,2.01400012546e+12,3,RPTT&RET,04/02/2014,420000,04/11/2014,04/11/2014,0,0,0,100,07/31/2015
106,2012082100620001,L,4,528,50,N,E,N,N,SP,33-55,14TH STREET,9B,07/31/2015,A,2.01200034437e+12,1,RPTT&RET,08/20/2012,310000,08/30/2012,08/30/2012,0,0,0,100,07/31/2015
107,2009122200567002,L,4,528,50,N,E,N,N,SP,33-43,14 STREET,4-A,07/31/2015,A,2.01000002042e+12,4,PAT,11/24/2009,0,01/20/2010,01/20/2010,0,0,0,0,07/31/2015
108,2005041800089001,L,4,528,50,N,E,N,N,SP,33-64,21 STREET,8C,07/31/2015,A,2.00500025582e+12,4,RPTT&RET,03/18/2005,260000,05/03/2005,05/03/2005,0,0,0,100,07/31/2015
109,2012072701244001,L,4,528,50,N,E,N,N,SP,33-55,14TH STREET,7C,07/31/2015,A,2.01200031729e+12,1,RPTT&RET,07/30/2012,270000,08/13/2012,08/13/2012,0,0,0,100,07/31/2015
110,2011052600740001,L,4,528,50,N,E,N,N,SP,33-43,14TH ST,8C,07/31/2015,A,2.0110002072e+12,1,RPTT&RET,05/27/2011,335000,06/10/2011,06/10/2011,0,0,0,100,07/31/2015
111,2007010301087001,L,4,528,50,N,E,N,N,SP,33-64,21 STREET,8C,07/31/2015,A,2.00700002264e+12,4,RPTT&RET,12/21/2006,287500,01/11/2007,01/11/2007,0,0,0,100,07/31/2015
112,FT_4190002384219,L,4,528,50,N,E,N,N,PA,33-60,14 STREET,,07/31/2015,A,,4,AGMT,,0,10/16/1987,10/16/1987,1987,2474,630,0,07/31/2015
113,2006051201479001,L,4,528,50,N,E,N,N,SP,33-55,14 STREET,9B,07/31/2015,A,2.00600029196e+12,2,RPTT&RET,05/08/2006,270000,05/25/2006,05/25/2006,0,0,0,100,07/31/2015
114,2006090501816001,L,4,528,50,N,E,N,N,SP,33-55,14TH STREET,3D,07/31/2015,A,2.00600053279e+12,1,RPTT&RET,09/05/2006,210000,09/21/2006,09/21/2006,0,0,0,100,07/31/2015
115,2003082801412001,L,4,528,50,N,E,N,N,SC,3364,21ST STREET,6C,07/31/2015,A,2.00400013806e+12,4,MTGE,08/19/2003,128100,03/08/2004,03/08/2004,0,0,0,0,07/31/2015
116,2011052300670001,L,4,528,50,N,E,N,N,SP,33-65,14TH STREET,8B,07/31/2015,A,2.01100019764e+12,1,RPTT&RET,05/26/2011,255000,06/03/2011,06/03/2011,0,0,0,100,07/31/2015
117,2014021800878001,L,4,528,50,N,E,N,N,SP,33-65,14TH ST,12B,07/31/2015,A,2.01400010142e+12,1,RPTT&RET,02/12/2014,325000,03/24/2014,03/24/2014,0,0,0,100,07/31/2015
118,FT_4430002601543,L,4,528,50,N,E,N,N,PA,33-60,14 STREET,,07/31/2015,A,,4,ASST,,0,10/04/1989,10/04/1989,1989,2882,1464,0,07/31/2015
119,FT_4480004196848,L,4,528,50,N,E,N,N,PA,,,,07/31/2015,A,,4,AGMT,,0,03/22/1994,03/22/1994,1994,3824,176,0,07/31/2015
120,2013080801074001,L,4,528,50,N,E,N,N,SP,33-47,14TH STREET,14A,07/31/2015,A,2.01300033908e+12,1,RPTT&RET,07/25/2013,380000,08/26/2013,08/26/2013,0,0,0,100,07/31/2015
121,2007040901428001,L,4,528,50,N,E,N,N,SP,33-43,14TH STREET,7C,07/31/2015,A,2.00700018545e+12,1,RPTT&RET,03/26/2007,317000,04/11/2007,04/11/2007,0,0,0,100,07/31/2015
122,2012112700632001,L,4,528,50,N,E,N,N,SP,33-64,21 STREET,14A,07/31/2015,A,2.01200047458e+12,4,RPTT&RET,11/28/2012,325000,12/04/2012,12/04/2012,0,0,0,100,07/31/2015
123,FT_4150006661315,L,4,528,50,N,E,N,N,PA,,,,07/31/2015,A,,4,PAT,,0,06/14/1999,07/01/1999,1999,5273,550,0,07/31/2015
124,2008052300675001,L,4,528,50,N,E,N,N,D1,3355,14TH STREET,,07/31/2015,A,2.00800022237e+12,4,ASST,04/30/2008,0,06/03/2008,06/03/2008,0,0,0,0,07/31/2015
125,FT_4540001921054,L,4,528,50,N,E,N,N,PA,33-60,14 STREET,,07/31/2015,A,,4,MTGE,,421965,01/03/1983,01/03/1983,1983,1490,1324,0,07/31/2015
126,2009122200567003,L,4,528,50,N,E,N,N,SP,33-43,14 STREET,4-A,07/31/2015,A,2.01000002042e+12,4,PAT,11/24/2009,0,01/20/2010,01/20/2010,0,0,0,0,07/31/2015
127,2012121201232001,L,4,528,50,N,E,N,N,SP,33-64,21ST STREET,5B,07/31/2015,A,2.01200049202e+12,1,RPTT&RET,11/29/2012,300000,12/17/2012,12/17/2012,0,0,0,100,07/31/2015
128,2005112300014001,L,4,528,50,N,E,N,N,SP,33-64,21ST STREET,5B,07/31/2015,A,2.00500067615e+12,1,RPTT&RET,11/23/2005,250000,12/07/2005,12/07/2005,0,0,0,100,07/31/2015
129,2008031700408001,L,4,528,50,N,E,N,N,SP,33-65,14TH STREET,14C,07/31/2015,A,2.00800013454e+12,1,RPTT&RET,03/13/2008,310000,04/03/2008,04/03/2008,0,0,0,100,07/31/2015
130,2005122000407001,L,4,528,50,N,E,N,N,SP,33-68,21ST STREET,11D,07/31/2015,A,2.00600002979e+12,1,RPTT&RET,12/05/2005,250000,01/18/2006,01/18/2006,0,0,0,100,07/31/2015
131,2009072301340001,L,4,528,50,N,E,N,N,SP,3368,21 ST,2A,07/31/2015,A,2.00900027751e+12,1,RPTT&RET,07/27/2009,290000,08/28/2009,08/28/2009,0,0,0,100,07/31/2015
132,2008070100230001,L,4,528,50,N,E,N,N,SP,33-60,21ST   STREET,3B,07/31/2015,A,2.00800026524e+12,4,RPTT&RET,06/27/2008,325000,07/03/2008,07/03/2008,0,0,0,100,07/31/2015
133,2013100401067001,L,4,528,50,N,E,N,N,SP,33-43,14TH STREET,14A,07/31/2015,A,2.01300042261e+12,2,RPTT&RET,10/07/2013,305000,10/11/2013,10/11/2013,0,0,0,100,07/31/2015
134,2014082201347001,L,4,528,50,N,E,N,N,SP,33-60,21ST STREET,14D,07/31/2015,A,2.01400031248e+12,2,RPTT&RET,08/25/2014,435500,09/22/2014,09/22/2014,0,0,0,100,07/31/2015
135,2007031901170001,L,4,528,50,N,P,N,N,MP,33-60,21ST STREET,12D,07/31/2015,A,2.00700017002e+12,1,RPTT&RET,01/22/2007,370000,04/03/2007,04/03/2007,0,0,0,100,07/31/2015
136,2007042600021001,L,4,528,50,N,E,N,N,SP,33-55,14TH STREET,11C,07/31/2015,A,2.00700022855e+12,2,RPTT&RET,04/26/2007,270000,05/02/2007,05/02/2007,0,0,0,100,07/31/2015
137,2007060501311001,L,4,528,50,N,E,N,N,SP,33-60,21ST STREET,2D,07/31/2015,A,2.00700031366e+12,4,RPTT&RET,05/30/2007,342500,06/18/2007,06/18/2007,0,0,0,100,07/31/2015
138,FT_4420002601542,L,4,528,50,N,E,N,N,PA,33-60,14 STREET,,07/31/2015,A,,4,AGMT,,0,10/04/1989,10/04/1989,1989,2882,1443,0,07/31/2015
139,2012090500092001,L,4,528,50,N,E,N,N,SP,33-64,21ST STREET,5C,07/31/2015,A,2.01200036936e+12,1,RPTT&RET,09/05/2012,273000,09/18/2012,09/18/2012,0,0,0,100,07/31/2015
140,2012053100829001,L,4,528,50,N,E,N,N,SP,33-68,21ST ST,10A,07/31/2015,A,2.01200025316e+12,1,RPTT&RET,05/31/2012,345000,06/26/2012,06/26/2012,0,0,0,100,07/31/2015
141,2005042000858001,L,4,528,50,N,E,N,N,SP,33-43,14TH STREET,12B,07/31/2015,A,2.00500027982e+12,1,RPTT&RET,04/21/2005,200000,05/13/2005,05/13/2005,0,0,0,100,07/31/2015
142,2005031602327001,L,4,528,50,N,E,N,N,SP,33-60,21ST STREET,14B,07/31/2015,A,2.00500020025e+12,1,RPTT&RET,03/17/2005,238000,04/07/2005,04/07/2005,0,0,0,100,07/31/2015
143,2005072600710001,L,4,528,50,N,E,N,N,SP,33-43,14TH STREET,15B,07/31/2015,A,2.00500047457e+12,1,RPTT&RET,07/26/2005,210000,08/23/2005,08/23/2005,0,0,0,100,07/31/2015
144,2013020800101001,L,4,528,50,N,E,N,N,SP,33-43,14TH   STREET,11C,07/31/2015,A,2.01300013202e+12,1,RPTT&RET,02/06/2013,310000,04/02/2013,04/02/2013,0,0,0,100,07/31/2015
145,2007091801100001,L,4,528,50,N,E,N,N,SP,33-64,21ST STREET,7C,07/31/2015,A,2.00700049438e+12,4,RPTT&RET,09/06/2007,319000,09/27/2007,09/27/2007,0,0,0,100,07/31/2015
146,2009081801415001,L,4,528,50,N,E,N,N,SP,33-47,14TH STREET,8A,07/31/2015,A,2.00900026965e+12,4,RPTT&RET,08/14/2009,336000,08/24/2009,08/24/2009,0,0,0,100,07/31/2015
147,2012071900003001,L,4,528,50,N,E,N,N,SP,3364,21ST STREET,14B,07/31/2015,A,2.01200030986e+12,1,RPTT&RET,07/19/2012,305000,08/07/2012,08/07/2012,0,0,0,100,07/31/2015
148,2009082700330001,L,4,528,50,N,E,N,N,SP,3343,14TH ST,12B,07/31/2015,A,2.0090002869e+12,1,RPTT&RET,08/28/2009,310000,09/04/2009,09/04/2009,0,0,0,100,07/31/2015
149,2010020901381001,L,4,528,50,N,E,N,N,SP,33-65,14TH STREET,9A,07/31/2015,A,2.01000006107e+12,1,RPTT&RET,02/05/2010,275000,02/22/2010,02/22/2010,0,0,0,100,07/31/2015
150,2013033000045001,L,4,528,50,N,E,N,N,SP,33-55,14TH STREET,10B,07/31/2015,A,2.01300014284e+12,1,RPTT&RET,03/28/2013,275000,04/10/2013,04/10/2013,0,0,0,100,07/31/2015
151,2006080101486001,L,4,528,50,N,E,N,N,SP,33-43,14 ST,6D,07/31/2015,A,2.00600046722e+12,1,RPTT&RET,07/14/2006,240000,08/18/2006,08/18/2006,0,0,0,100,07/31/2015
152,2009083100214001,L,4,528,50,N,E,N,N,SP,33-47,14TH STREET,7B,07/31/2015,A,2.00900028340e+12,4,RPTT&RET,07/27/2009,330000,09/02/2009,09/02/2009,0,0,0,100,07/31/2015
153,2005091302139001,L,4,528,50,N,E,N,N,SP,33-68,21ST STREET,15B,07/31/2015,A,2.0050005282e+12,4,RPTT&RET,09/08/2005,325000,09/21/2005,09/21/2005,0,0,0,100,07/31/2015
154,2009101901124001,L,4,528,50,N,E,N,N,SP,3343,14TH ST,15B,07/31/2015,A,2.00900036688e+12,1,RPTT&RET,10/21/2009,345000,11/09/2009,11/09/2009,0,0,0,100,07/31/2015
155,2012012300316001,L,4,528,50,N,E,N,N,SP,3365,14 STREET,14B,07/31/2015,A,2.01200011676e+12,1,RPTT&RET,01/23/2012,275000,03/23/2012,03/23/2012,0,0,0,100,07/31/2015
156,2014032500337001,L,4,528,50,N,E,N,N,AP,33-43,14TH   STREET,,07/31/2015,A,2.01400011583e+12,1,SAT,03/19/2014,0,04/04/2014,04/04/2014,0,0,0,0,07/31/2015
157,FT_4180002384218,L,4,528,50,N,E,N,N,PA,33-60,14 STREET,,07/31/2015,A,,4,ASST,,0,10/16/1987,10/16/1987,1987,2474,628,0,07/31/2015
158,2007011601315001,L,4,528,50,N,E,N,N,SP,33-55,14TH STREET,5B,07/31/2015,A,2.00700010009e+12,4,RPTT&RET,08/10/2005,235000,02/22/2007,02/22/2007,0,0,0,100,07/31/2015
159,2004092301700001,L,4,528,50,N,E,N,N,SP,33-55,14 STREET,4D,07/31/2015,A,2.0040006567e+12,1,RPTT&RET,09/23/2004,175000,10/23/2004,10/23/2004,0,0,0,100,07/31/2015
160,2012120401292001,L,4,528,50,N,E,N,N,SP,33-64,21ST STREET,7C,07/31/2015,A,2.01200048409e+12,1,RPTT&RET,12/03/2012,295000,12/11/2012,12/11/2012,0,0,0,100,07/31/2015
161,2009061700431001,L,4,528,50,N,E,N,N,SP,33-65,14TH STREET,5A,07/31/2015,A,2.0090001972e+12,4,RPTT&RET,06/24/2009,309000,06/29/2009,06/29/2009,0,0,0,100,07/31/2015
162,2008050600926001,L,4,528,50,N,E,N,N,SP,33-43,14TH   STREET,3B,07/31/2015,A,2.00800018674e+12,4,RPTT&RET,04/29/2008,280000,05/08/2008,05/08/2008,0,0,0,100,07/31/2015
163,2014011301276001,L,4,528,50,N,E,N,N,SP,33-64,21ST STREET,3C,07/31/2015,A,2.01400002764e+12,2,RPTT&RET,01/14/2014,308000,01/23/2014,01/23/2014,0,0,0,100,07/31/2015
164,2014060501334001,L,4,528,50,N,E,N,N,SP,33-43,14TH   STREET,6B,07/31/2015,A,2.01400019941e+12,1,RPTT&RET,04/30/2014,345000,06/10/2014,06/10/2014,0,0,0,100,07/31/2015
165,2014032400549001,L,4,528,50,N,E,N,N,SP,33-64,21ST STREET,12B,07/31/2015,A,2.01400010786e+12,1,RPTT&RET,03/21/2014,0,03/28/2014,03/28/2014,0,0,0,100,07/31/2015
166,2012032700096001,L,4,528,50,N,E,N,N,SP,33-43,14TH STREET,9C,07/31/2015,A,2.01200020616e+12,1,RPTT&RET,03/28/2012,310000,05/24/2012,05/24/2012,0,0,0,100,07/31/2015
167,2011092000632001,L,4,528,50,N,E,N,N,SP,33-64,21ST STREET,7A,07/31/2015,A,2.01100034144e+12,4,RPTT&RET,08/29/2011,235000,09/27/2011,09/27/2011,0,0,0,100,07/31/2015
168,2008081400022001,L,4,528,50,N,E,N,N,SP,33-60,21ST STREET,11D,07/31/2015,A,2.00800033977e+12,1,RPTT&RET,08/14/2008,358000,08/26/2008,08/26/2008,0,0,0,100,07/31/2015
169,2011120600118001,L,4,528,50,N,E,N,N,SP,33-55,14TH STREET,5B,07/31/2015,A,2.011000439e+12,1,RPTT&RET,12/07/2011,285000,12/16/2011,12/16/2011,0,0,0,100,07/31/2015
170,2014032401304001,L,4,528,50,N,E,N,N,SP,33-55,14TH STREET,6A,07/31/2015,A,2.01400010998e+12,2,RPTT&RET,03/25/2014,325000,03/31/2014,03/31/2014,0,0,0,100,07/31/2015
171,2011072100514001,L,4,528,50,N,P,N,N,SP,33-60,21ST STREET,10A,07/31/2015,A,2.01100026467e+12,3,RPTT&RET,06/22/2011,367500,07/27/2011,07/27/2011,0,0,0,100,07/31/2015
172,2005082200544001,L,4,528,50,N,E,N,N,SP,33-43,14TH STREET,4D,07/31/2015,A,2.00500051426e+12,1,RPTT,07/21/2005,209000,09/15/2005,09/15/2005,0,0,0,100,07/31/2015
173,2006101201551001,L,4,528,50,N,E,N,N,SP,33-55,14TH STREET,5D,07/31/2015,A,2.00600057995e+12,1,RPTT&RET,10/11/2006,279999,10/17/2006,10/17/2006,0,0,0,100,07/31/2015
174,2006121401966001,L,4,528,50,N,E,N,N,SP,33-60,21ST STREET,14A,07/31/2015,A,2.0070000118e+12,1,RPTT,11/28/2006,335000,01/08/2007,01/08/2007,0,0,0,100,07/31/2015
175,FT_4240004196924,L,4,528,50,N,E,N,N,PA,,,,07/31/2015,A,,4,ASST,,0,03/22/1994,03/22/1994,1994,3824,161,0,07/31/2015
176,2004111601688001,L,4,528,50,N,E,N,N,SP,3355,14TH STREET,10C,07/31/2015,A,2.00400074164e+12,4,RPTT&RET,11/09/2004,187000,12/01/2004,12/01/2004,0,0,0,100,07/31/2015
177,2005042000805001,L,4,528,50,N,E,N,N,SP,33-60,21 STREET,7C,07/31/2015,A,2.00500028714e+12,1,RPTT&RET,04/08/2005,240000,05/18/2005,05/18/2005,0,0,0,100,07/31/2015
178,2008102000654001,L,4,528,50,N,E,N,N,SP,33-60,21ST STREET,14C,07/31/2015,A,2.00800041402e+12,1,RPTT&RET,10/08/2008,395000,10/21/2008,10/21/2008,0,0,0,100,07/31/2015
179,2009122100563001,L,4,528,50,N,E,N,N,SP,33-64,21ST STREET,2A,07/31/2015,A,2.00900042444e+12,1,RPTT&RET,12/22/2009,250000,12/28/2009,12/28/2009,0,0,0,100,07/31/2015
180,2014111000739001,L,4,528,50,N,E,N,N,SP,33-65,14TH STREET,7B,07/31/2015,A,2.01400041175e+12,1,RPTT&RET,11/03/2014,342500,12/15/2014,12/15/2014,0,0,0,100,07/31/2015
181,2010061600889001,L,4,528,50,N,E,N,N,SP,33-43,14TH   STREET,4A,07/31/2015,A,2.01000020894e+12,1,RPTT&RET,05/24/2010,315000,06/23/2010,06/23/2010,0,0,0,100,07/31/2015
182,2009042100028001,L,4,528,50,N,E,N,N,SP,33-47,14TH STREET,3B,07/31/2015,A,2.00900012354e+12,1,RPTT&RET,04/09/2009,300000,04/27/2009,04/27/2009,0,0,0,100,07/31/2015
183,2014041600506001,L,4,528,50,N,E,N,N,SP,33-60,21ST STREET,10B,07/31/2015,A,2.01400013395e+12,1,RPTT&RET,04/02/2014,402000,04/21/2014,04/21/2014,0,0,0,100,07/31/2015
184,2007072500970001,L,4,528,50,N,E,N,N,SP,33-65,14TH STREET,11C,07/31/2015,A,2.00700038997e+12,1,RPTT&RET,07/19/2007,260000,07/30/2007,07/30/2007,0,0,0,100,07/31/2015
